{
  "resources": [
    "sfx.ogg",
    "sfx.mp3"
  ],
  "spritemap": {
    "credit": {
      "start": 0,
      "end": 0.21736961451247166,
      "loop": false
    },
    "death_1": {
      "start": 1.0999999999999999,
      "end": 3.887755102040816,
      "loop": false
    },
    "death_2": {
      "start": 4.199999999999999,
      "end": 4.389319727891156,
      "loop": false
    },
    "eat_fruit": {
      "start": 5.299999999999999,
      "end": 5.696870748299319,
      "loop": false
    },
    "eat_ghost": {
      "start": 6.3999999999999995,
      "end": 6.932947845804988,
      "loop": false
    },
    "extend": {
      "start": 7.5,
      "end": 9.491950113378685,
      "loop": false
    },
    "game_start": {
      "start": 9.6,
      "end": 13.828798185941043,
      "loop": false
    },
    "intermission": {
      "start": 14.7,
      "end": 19.892902494331064,
      "loop": false
    },
    "munch_1": {
      "start": 20.799999999999997,
      "end": 20.884195011337866,
      "loop": false
    },
    "munch_2": {
      "start": 21.9,
      "end": 21.978548752834467,
      "loop": false
    },
    "power_pellet": {
      "start": 23,
      "end": 25.10750566893424,
      "loop": true
    },
    "retreating": {
      "start": 26.1,
      "end": 28.160816326530615,
      "loop": true
    },
    "siren_1": {
      "start": 29.200000000000003,
      "end": 30.79934240362812,
      "loop": true
    },
    "siren_2": {
      "start": 31.300000000000004,
      "end": 33.07775510204082,
      "loop": true
    },
    "siren_3": {
      "start": 33.4,
      "end": 35.388571428571424,
      "loop": true
    },
    "siren_4": {
      "start": 35.49999999999999,
      "end": 37.28029478458049,
      "loop": true
    },
    "siren_5": {
      "start": 37.599999999999994,
      "end": 39.46807256235827,
      "loop": true
    }
  }
}